{
    "Aimage": false,
    "autoRead": false,
    "autoJoinTicket": false,
    "Img": {},
    "keyCmd": "",
    "selfbot1": true,
    "contact": false,
    "checkmid": false,
    "checkPost": true,
    "detectMention": false,
    "detectMention1": false,
    "aRespon": false,
    "Mentiongift": false,
    "Mentionkick": false,
    "msgTag": "Iya hadir kk \naku masih di sini\nTunggu bentar ya aku lagi kojom\n",
    "mention": "assalamualikum ??",
    "comment": "Like like & like by raka..",
    "maxlimit": 1,
    "limit": 1,
    "abots": false,
    "dbots": false,
    "ablacklist": false,
    "dblacklist": false,
    "Tablacklist": false,
    "Tdblacklist": false,
    "addadmin": false,
    "deladmin": false,
    "autoAdd": false,
    "autoJoin": false,
    "autoLeave": false,
    "autoBlock": true,
    "foto": {},
    "rePoint": {},
    "intaPoint": {},
    "likeOn": true,
    "like": true,
    "selfbot": true,
    "sticker": false,
    "talkban": false,
    "Unsend": false,
    "larangan": false,
    "spamMsg": "",
    "siderMsg": "CCTV AKTIF ??",
    "message": "Thanks For Add Me (^_^)\n\nCreator : http://line.me/ti/p/~raka_entog\n\n-AUTO ADD CHAT-",
    "leftmsg": "Bye Bye\nsiapa yg baperin hayo\nanak orang mpe minggat ntar puskun lohhh,,,,,,",
    "welcome": "Haiii  slamat datang di room kami \nSemoga betah No baper tikungan cari sendiri ya",
    "readPoint": {},
    "readMember": {}
}